question,answer,label
コードは自分で作成するという把握でいいですよね？,"そうです
自分で考えたテスト仕様書にそってコードを書いていってください[Name_edf5bd]念のため、作成するプログラムはテストを実行するプログラム(Name_4acc8e.java)とJunitコード(Name_136b47.java)です。",0
"課題7について質問です
レポートの形式はサンプルレポートを元に作成するので，合っていますか？
テスト用プログラム，バグの箇所，JUnitはコピー＆ペーストで行って構いませんか？","サンプルレポートを元に作成であっています。
動画でも述べていますが、プログラムはスクショではなくレポートに書き込んでください。コピペで大丈夫です。[Name_edf5bd]テスト用プログラムは自分で新たに作りますか？[Name_edf5bd]新たに作る必要はありません
Name_1230c0.javaとHarmonoidTest.javaの内容を変更する形で大丈夫です。[Name_edf5bd]わかりました
ありがとうございます",0
課題7のテスト仕様書はサンプルレポートのようなレイアウトでよろしいですか？仕様書サンプルと異なっているのですが…,仕様書サンプルのほうが正しいです．サンプルレポートのものは簡略化しています[Name_edf5bd]ありがとうございます[Name_edf5bd]いえいえ,0
getOctave()のような入力データがいらず戻り値の確認をするテスト種別は何になるのでしょうか？,"授業のPDFのp.10ではいくつかの例が示されています．
そこでは，getOctaveメソッドのテストについて示されています．
setOctaveがあってのgetOctaveなので，例のように分類してはいかがでしょうか．[Name_edf5bd]すみません自分の説明の仕方が悪かったです。
getOctaveメソッドを用いて初期値が正しく設定されているのかを確認するときのテストの種別が何になるのかを教えてもらってもよろしいでしょうか？[Name_edf5bd]それについては，種別が空白で構いません．[Name_edf5bd]網羅テストて書いてもらってもOKです[Name_edf5bd]承知しました。ありがとうございます。
もう一つ質問があるのですが、コンストラクタの引数を空列“”にした場合は正しいと見ても大丈夫でしょうか？[Name_edf5bd]私だったら、空列を受け付けるプログラムはバグとしたいところですが、仕様に書いていないのでバグでないと考えてもOKです[Name_edf5bd]承知しました。ありがとうございます。",0
Harmonoidの名前の設定のテスト項目でコンストラクタにint型を代入しよう思ったのですが，型の不一致で代入が行えないことに気付きました。この場合はString型以外が代入されることを想定できていないので，バグという扱いにすればいいのでしょうか?それともそもそも起こる可能性が0の事例として扱ってもいいのでしょうか?,私なら実行時エラーを予想結果にしてテストしますが、バグ扱いにしてもらってもOKです。[Name_edf5bd]わかりました。ありがとうございます。[Name_edf5bd]いえいえ,0
Harmonoidの名前の設定で同値分割法(無効同値クラス)の場合にはどういう値を入れていいかわかりません。,私なら文字列0の長さにします(仕様上は無効同値クラスか明記されていませが)。[Name_edf5bd]了解です。ありがとうございます。[Name_edf5bd]いえいえ,0
"課題７で質問です
名前の設定でString型が基本だと定義されているが，テストとしてint型などを設定してテストするのはやらなくていいものでしょうか？","そこまでやると面倒だと思うので、課題としてはそこまでしなくて構いません。実際のテストでは、仕様によっては(絶対に実行時エラーを起こしては行けないプログラムなどでは)必要になってきます[Name_edf5bd]わかりました
エラーが出るものは今回はしなくていいということですね[Name_edf5bd]はい、そうなります[Name_edf5bd]ありがとうございます[Name_edf5bd]いえいえ",0
先生の言う，仕様書には全ての例外処理を完全に書いているわけでは無い，というのは例えば，引数があってるときと間違っている時のテスト両方を書かなくて良いということですか？,仕様書が完全に「引数があってるとき」と「間違っている時」を記述していれば、両方のテストを出来ますが、今日の課題の仕様書はそこまで完全に記述されていないので、常識的に考えて間違っているだろう(名前が長さゼロの文字列とか)という時でも、「間違っている時」のテストとして書いて良いかはっきりしません。そういう意味では「両方を書かなくて良い」ですし、時間が有ればそういう仕様書の欠点を分析して、より高度な仕様書とテストを提案すればレポートは高得点になります。(配点と採点基準によりますが、少なくとも良い点になるのは間違いありません)[Name_edf5bd]お返事は、これで良いですか？[Name_edf5bd]はい，大丈夫です[Name_edf5bd]では、スレッドを終了します。,0
"レポートの「テスト仕様書」についてお聞きします。
サンプルで配布されているテスト仕様書の、
「結果」の欄も、各自で実行しその結果を書くんでしょうか？
サンプルで配布されているテスト仕様書には結果の欄は空白になっているのでわからなく。",結果を必ず書いてください[Name_edf5bd]わかりました。[Name_edf5bd]よろしくお願いします,0
クラス名やパッケージ名などのテストはいるのでしょうか,JUnitで可能なのですが、普通のテストでは確認できないのでテストしなくて構いません[Name_edf5bd]わかりました。ありがとうございます[Name_edf5bd]いえいえ,0
JUnitのテストは、仕様書に書いてあるもの全てをテストすればいいですか？,"はい、そうです。ただしクラス名など、通常のテストプログラムでテストできないものは、テストしなくて構いません[Name_edf5bd]わかりました。
ありがとうございました。[Name_edf5bd]いえいえ",0
テストプログラムってどのように作っていけばいいですか？,[対応開始]以降のスレッドは質問者に転送されます。対応が終了した場合、 :対応済2: をスレッドトップのメッセージにつけてください。[Name_edf5bd]実行時エラーとなるものはテストしなくて構いません[Name_edf5bd]実行時エラーを予測して、テストするのもありです[Name_edf5bd]なるほど、わかりました。実行時エラーにならないかつ動作的におかしそうなものや正しそうなものをテストすればいいんですね[Name_edf5bd]はい、そうなります[Name_edf5bd]実開発ではそうとは限りませんが。[Name_edf5bd]課題としては実行時エラーは考慮外でOKです,0
"JUnitは正しい引数をテストするで合ってますか
チェックとして間違いと分かっているものテストしても間違っていませんか？","何が正しくて、何が間違っているのか言葉が難しいですが。
正しい引数で正しい結果、これはチェックします。
間違った引数で、「間違っているという」(falseが帰ってくるとか)の正しい結果、これもチェックします。
なんか判りにくいですけど、良いですか？[Name_edf5bd]引数を渡して自分が思ってる答えが返ってるかを確認する？
で合ってますか[Name_edf5bd]そうですね。自分が思っているは、正確には「仕様書に記述されている仕様通りの結果」ですね。[Name_edf5bd]今回でいうとソがンになっている場合，「ン」を引数に出すで合ってますか？
考え方として[Name_edf5bd]今回の仕様書は細かい事まで完全に記述されていないので、どこまで補うかは難しい所です。少しは書かれていない事も補わないといけないでしょうが、完璧に補おうとすると作業量が多すぎます。[Name_edf5bd]了解です
ありがとうございます[Name_edf5bd]「ダウンタウンの浜ちゃん」はOKで、「ダウソタウソの浜ちゃん」はNGですね。そういうチェックも有りですけど、今回そんな話ありましたっけ？[Name_edf5bd]あったと思います
ドレミファのとこですね[Name_edf5bd]ああ、そうですね。すみません。",0
度々失礼いたします。予想結果がエラーになる場合，その処理のJUnitはどのように書けばいいのでしょうか?そもそもエラーになる処理はJunitでは省区のでしょうか?,エラーとは実行時エラーのことでしょうか?[Name_edf5bd]はい，そうです。[Name_edf5bd]try-catch文を使えば対応できそうな気もしますが、とりあえずそれらはテストしなくて構いません。[Name_edf5bd]わかりました。何度もありがとうございます。[Name_edf5bd]いえいえいえ,0
EclEmmaによるカバレッジ計測に使うプログラムは自分で作成したテストプログラムですか？,"はい
自分で作成したテストプログラムのカバレッジを測ってください[Name_edf5bd]了解です。ありがとうございます。",0
"String型の引数を持つメソッドに、記号、空白、長い文字などをダブルクオーテーションで括ったものを与えた時のテスト種別は、「同値分割法の無効同値クラス」になりますか？

Hermonoidの名前の設定で、それらを代入したときのテスト種別がわからないです。","本来は無効同値クラスですが、仕様書には明記されていません。そのためテスターの考え方次第(どちらでも減点されない)になるのですが、私なら無効同値クラスにします[Name_edf5bd]それがダブルクオーテーションで囲まれていなければ(String文字列でなければ)、実行不可能でも無効同値クラスになりますか？

あるいはJavaの仕様上で実行不可能なので、テストしませんか？[Name_edf5bd]実行時エラーになるものはとりあえずテストしなくて良いです[Name_edf5bd]わかりました。プログラム上でテストできるものだけでいいのですね。

ありがとうございました。[Name_edf5bd]いえいえ",0
レポートでバグの箇所を色付けするには、どうすればいいのでしょうか。レポートではlisting環境を使ってソースコードを貼っています。,色を付けるのは必須ではありません。XXクラスのN行目などと表現すればOKです[Name_edf5bd]ありがとうございます[Name_edf5bd]いえいえ,0
レイアウトのバランス的に最初に入れるとおかしくなるので、最後にテスト仕様書の詳しく記入したものを後付けしても良いですか？それとも簡略化したテスト仕様書のままの方が良いですか？,"[対応開始]以降のスレッドは質問者に転送されます。対応が終了した場合、 :対応済2: をスレッドトップのメッセージにつけてください。[Name_edf5bd]レポートには詳しく記入したテスト仕様書を載せて下さい。
（簡略化しているモノは授業での説明用と思って下さい）[Name_edf5bd][対応終了]以降のスレッドは転送されません。",0
バグとかのところって写真でもいいのですか？,はい。構いません。追加でどこのクラスの何行目かを示していただくと分かりやすいと思います。,0
レポート内の｢バグの箇所｣の部分でバグの部分を色を付けて表示したいのですが上手くいかないです,"&gt; 色を付けるのは必須ではありません。XXクラスのN行目などと表現すればOKです
先生からのコメントです。[Name_edf5bd]スレッドが終了しないまま、書き込み無しで１週間経過しているので、一旦このスレッドを終了します。何かあれば、新たに質問してください。",0
サブクラス から別の抽象クラスのメソッドを呼び出すにはどうすればいいでしょうか？,"おそらく、質問の仕方がまずいと思われるので、求められている回答とは違うと思うのですが。
抽象クラスはインスタンスが作れませんから、static メソッドしか呼ぶことはできません。[Name_edf5bd]抽象クラスを別のクラスに委譲するのはどのような動きになるのでしょうか[Name_edf5bd]先ほども言いましたが、抽象クラスが移譲されることは基本的にあり得ませんし、委譲する側もそれが移譲先クラスのどのどのようなサブクラスで処理されるのかを考慮することは好ましくありません。
具体的に、どう言うことがしたいのかを聞いて貰えば、より適切な答えをすることができると思いますが、現状では、「基本できない」としか言いようがありません。[Name_edf5bd]雑な質問ですみません。
中間課題の(2)の移譲をうまく書くことができずにこのような感じで質問してしまいました。
インターフェースをPrism,Pyramidでどのようにインスタンスを生成するかができずにつまづいています。[Name_edf5bd]つまり、実は前期のプログラミング実習１の課題ができていないままだったわけですね。今回の課題はそれができているのが前提で、レポートだけ書けと言う趣旨でしたので。

以下、本題です。
「錐」を例にとりますが、「柱」でも同じです。
当然ですが、「錐」の体積は、「底面積」*「高さ」/3 ですよね。
これは、何を意味しているかといえば、全ての「錐」の体積は「底面積」と「高さ」さえわかれば良いことになります。
つまり、「錐」の具象クラスでは、底面図形が何か（円だとか、長方形だとか）を与え、「錐」である抽象クラスでは、底面積の計算を、下位具象クラスで与えられた底面図形に移譲すれば良いことになります。",0
EclEmmaがインストールできないのですがどうすればいいでしょうか？,"最新のPleiadesをインストールしてください
<https://example.com/sample1
<https://example.com/sample2",0
レポートの2章3章などで定義するクラスは合計何個ですか？,質問の意図はどういうことでしょう? ヒントを下さいということでしょうか?[Name_edf5bd]そうです。例えば表1とかで記述するクラスは新しく作ったCircleクラスとRectangleクラスとかなんですか？[Name_edf5bd]はい，新しく作ったクラスを書きます[Name_edf5bd]表1のクラス数は10個前後になると思います[Name_edf5bd]わかりました,0
"プログラムをターミナルで実行する方法について質問があります。
中間課題のレポートに実行結果のスクリーンショットを載せようとしています。TestFigure3Dをターミナルで実行しようとしたところ、うまく行きませんでした。カレントディレクトリを~/Name_094535/workspace/Name_f979c5/bin/midrep01にし、java TestFigure3Dとしました。すると、""エラー: メイン・クラスTestFigure3Dを検出およびロードできませんでした""と出ます。他にも色々試しましたができませんでした。どのようにすればターミナルで実行できるのか教えて頂きたいです。","まず、
ls ~/Name_094535/workspace/Name_f979c5/bin/midrep01/Name_7a0a0d.class
で、確認してみてください。[Name_edf5bd]確認しました。[Name_edf5bd]```/home/user/Name_f28128/workspace/Name_f96350/bin/midrep01/Name_7a0a0d.class```[Name_edf5bd]と出ました。[Name_edf5bd]この状況ですと、Name_9db234.java に main メソッドがないことしか考えられないのですが。
一度、~/Name_094535/workspace/Name_f979c5/bin/midrep01/の下に何か（例えばhelloWorld）を作って、実行できるか試してみましょうか。[Name_edf5bd]~/Name_094535/workspace/Name_f979c5/bin
で
java midrep01.Name_7a0a0d
では[Name_edf5bd]わかりました。今手元にパソコンがないためできませんが、確認してみます。[Name_edf5bd]確認でき次第連絡致します。[Name_edf5bd]実行結果が表示されました。ありがとうございます。質問ですが、なぜbinでないと実行できないのでしょうか。[Name_edf5bd]java コマンドは　java パッケージ名.クラス名
です。実行する場所は、パッケージのある場所です。
最初は
```/home/user/Name_f28128/workspace/Name_f96350/midrep01/bin```
と勘違いしていました。[Name_edf5bd]なるほど、わかりました。ありがとうございます。",0
中間課題の提出期限なのですが、締め切りが11/6の明日までになっているのですが、第８回の実習の前日が今日までなので今日提出しなければいけないのでしょうか？,明日の23:59まででOKです[Name_edf5bd]承知しました。ありがとうございます！！[Name_edf5bd]いえいえ!,0
"なんどもすみません。
中間課題の締め切りに関してなのですが、Slackでは「中間課題の締切は「第8回実習の前日(11月6日) 23:59」です(次回実習の前日ではありません)」と書かれているのですが、第８回の実習の前日は11/5です。なので今日中に提出する必要があるのでしょうか？それとも締め切りは明日11/6の23:59までになるのでしょうか。",よく読むと、意図としては今日中ですね。ただ11/6で締切設定しているので、明日でOKです[Name_edf5bd]承知しました。ありがとうございます。[Name_edf5bd]こちらこそ混乱させて申し訳ないです,0
"失礼します。メディアコース2年の浜本大翔です。
中間課題のClassroom上での提出期限が6日(金)の23:59となっており、それが期限と思い込んでいたので、現時点(6日の1:30)でも課題が未完成なのですが、プロ実2の講義ホームページの方を見ると期限が「第8回実習の前日(11月6日) 23:59」と書いてありました。しかし、第8回実習の前日の実際の日付は11月5日で既に過ぎてしまいました。
どちらの提出期限の方が正しいのですか？",本来は11/5の意図でしたが、11/6と書いてしまっているので、11/6で構いません[Name_edf5bd]分かりました。,0
"夜分遅くに失礼します。latexにおいてソースコードの指定した箇所に色付けする方法について質問があります。

課題7のレポートにおいて、バグのある箇所に色をつけたいと思いました。色々なサイトを見ながら見よう見まねでやってみましたがエラーは消えず、時間がなかったので結局色をつけずに提出しました。このままでは分からずじまいになってしまうので教えていただけないでしょうか。","```! Name_185368 of \lst@enext has an extra }.
&lt;inserted text&gt; 
                \par 
l.287 \begin{lstlisting}```[Name_edf5bd][対応開始]以降のスレッドは質問者に転送されます。対応が終了した場合、 :対応済2: をスレッドトップのメッセージにつけてください。[Name_edf5bd]色付けは不要です[Name_edf5bd]あ、色の付け方を知りたいのですね。後で返信します[Name_edf5bd]余分なカッコがあるのでは。extraと書いているので[Name_edf5bd]Texのソースを貼り付けてください．
begin{document}までの手前部分と，色付けしようてしている部分前後だけでOKです[Name_edf5bd]可能なら，オンラインのTexエディター上で，色付けしたpdfを作成できるかも試してみてください
<https://example.com/sample3
<https://example.com/sample4
にサンプルTeXファイルを置きましたので、参考にしてみて下さい。[Name_edf5bd](すみません。そのTeXファイルは
<https://example.com/sample5
もないと動きません。(図をincludegraphicsで取り込んでいるので))[Name_edf5bd]わかりました、丁寧にありがとうございます。試してみます。",0
メディア資料の動画の声が小さくなったりして聞き取れないです。,申し訳ないです、今回はそのまま視聴してください,0
"第7回のソフトウェアテストレポートについて質問があります。
　サンプルレポートのようにテスト用プログラムやバグの箇所、JUnitコードを枠で囲むにはどうすればできますか？
　サンプルレポートの枠はおそらく\fbox{}だと思ったのですが、複数行を枠で囲む方法がわからず今回のレポートは枠なしで提出しました。","すみません、Wordで作ったものなので即答できません。枠がないのは構いません。後で返信します[Name_edf5bd]サンプルレポートはwordで作成されたものだったのですね。了解しました。[Name_edf5bd]今回の提出には間に合わなさそうですが、
<https://example.com/sample4
にサンプルTeXファイルを置きましたので、参考にしてみて下さい。[Name_edf5bd]ありがとうございます。参考にさせていただきます。",0
僕の環境のせいなら申し訳ないのですが、動画が音声途切れ途切れで何言ってるか分からないんですけど、どうにかなりませんか？,非常に申し訳ないです、録音に失敗しているようです。ひとまずこのまま視聴をお願いします,0
"・TempHumidWarningクラスでupdate​メソッドを実装してるはずなのですが，実装する必要がありますというエラーが消えません
・コンストラクタで戻り値が必要ですというエラーが出ます．綴りを見直しても間違っていないように思います．
・「指定の閾値より大きい」というのは閾値は含むという認識で大丈夫ですか．","最初の二つ「実装する必要があります」と「コンストラクタで戻り値」は何かおかしい事がおきています。ほとんどのばあいは、import するパッケージが変になっている事が多いのですが、まずimportをチェックしてください。
「指定の閾値より大きい」は言葉通り「大きい」です。等号を含まないので閾値は含みません。[Name_edf5bd]何も import していなければ…まずはEclipseを一旦終了してから、再度起動してみてください。[Name_edf5bd]importもなく，再起動もしてみましたが直りませんでした…[Name_edf5bd]では、ソースを見せてください[Name_edf5bd][Name_edf5bd]3行目と15行目でエラーが出ないはずなのに、何かおかしいですね。ミスタイプして非表示文字(画面に表示されない文字)がはいったのかもしれません。
3行目を選択して丸ごと消去、15行目を選択して丸ごと消去して、もう一度打ち直してみてください。[Name_edf5bd]15行目のエラーは消えましたが3行目は変わらずです．[Name_edf5bd]26行目を書き直したら3行目のエラーも消えました[Name_edf5bd]あとこれ，コンストラクタにweatherData.registerObserver(*this*);いります？[Name_edf5bd]えーっと、答えを教えるのは困るのですが…
書き忘れているなーと思っていました。
これで良いですか？[Name_edf5bd]それを書いても7行目の警告は消えないのですが大丈夫なのかなと．．[Name_edf5bd]足りない場所は合ってるけど書くことは間違ってる感じですかね[Name_edf5bd]7行目の警告の内容は？[Name_edf5bd]値が使用されていないというものです[Name_edf5bd]使用されていないので当然警告が出ます。気にしなくて良いですが、気になるのなら
@Name_f24740(“unused”)
*private* Name_c7892e weatherData;
と書いて、警告を出さないようにします。[Name_edf5bd]そんな方法があったんですね，勉強になります．[Name_edf5bd]ありがとうございました．[Name_edf5bd]では、頑張ってね",0
TempHumidWarningのupdataメソッド、displayメソッドが完成していなくても見本の実行結果と一緒になるのですが警告では何を表示させればいいのですか？,"Javadocを参考に「気温と湿度を更新して警告を表示する. 気温と湿度が両方とも指定の閾値より大きい時にのみ気温と湿度は更新される」
を実装してください．[Name_edf5bd]重要なのは「気温と湿度が両方とも指定の閾値より大きい時にのみ」という箇所でしょうか．[Name_edf5bd]条件分岐を作ってdisplayメソッドを呼び出しているのですが、警告が表示されないんです。更新のやり方が間違えているんでしょうか？[Name_edf5bd]条件分岐をするというのは合っていると思います．考えられるケアレスミスとしては閾値の固定値設定が間違っている，条件分岐の条件間違えのどちらかのような気がします．確かめてみてください！[Name_edf5bd]確認したところdisplayメソッドを呼び出しても呼び出せてないと思うんですがどうすればいいですか？[Name_edf5bd][対応終了]以降のスレッドは転送されません。",0
課題1で与えられたObserverクラスのupdateメソッドの引数がtempなのに対しdocはtemperatureなのですがtempに合わせて置いていいですか?,同じ言葉にする必要はないので、生成したjavadocが同じになるように、docに合わせて下さい。[Name_edf5bd]承知しました。お手数をおかけしました。[Name_edf5bd]いいえ、こういう省略の違いはよくありますから、では。,0
Name_9bfd6d.javaのupdateメソッドの引数のpressureとはなんですか？,"気圧のことです。課題１でしょうか？[Name_edf5bd]そうです。
気圧なんですね。わかりました。
ありがとうございました。[Name_edf5bd]他のObserverを実装しているクラスがあるので，それを参考に進めてみてください。またわからなかったら質問待ってます！！",0
提出物は全てまとめて提出するのですか。,課題5-1 ~ 5-5まで個別に５回お願いします。,0
前回までの課題の模範解答を公開するご予定はないのでしょうか？,"来年再受講する学生もいるので、模範解答は公開しません(できません)。自由度が低い課題なので、回答できていれば(JUnitテストが通っていれば)それが正解となっているはずです。[Name_edf5bd]承知致しました。ありがとうございます。
追加問題で考えてもわからないところはどう解決したらいいのでしょうか？
今回の課題5は前回同様とのことですが、前回から解くことが出来なかったので手がつきません。[Name_edf5bd]誰か目がけてDMで質問してください。[Name_edf5bd]畏まりました。ありがとうございます。[Name_edf5bd]とりあえずわからない点をQA Bot経由で質問してみてください。[Name_edf5bd]今回の課題を解決するために、前回の課題から質問するほうが早いかもしれません。",0
"課題提出についてです。
既に提出した課題に不備があることに気づきました。出し直しをしたいのですが、2回出すことになりますが良いのでしょうか。",何回再提出してもらっても問題ありません。[Name_edf5bd]わかりました、ありがとうございます。,0
問題5についてなのですが、JUnitの出力結果も問題4のものと一致しなければいけないのでしょうか？,とにかく緑になればOKです。[Name_edf5bd]承知しました。教えていただきありがとうございます,0
"課題5-5について質問です．
内容の３箇所のnullを書き換えることで2つ目のnullが何を入れるのか分かりません．
その前に，Class&lt;? extends カレー&gt;がどういうことを指しているのか教えてください．","ArrayList&lt;Integer&gt;なら、Integerクラスに対するArrayListですね。
ですから、「? extends カレー」に対応したClass と言う意味で、「? extends カレー」は「カレー」を extends したやつ、つまり、「カレー」の子クラスになります。[Name_edf5bd]カツ，野菜，シーフード，スペシャルが子クラスですね[Name_edf5bd]nullの置き換えはitem.getClass()ですか？[Name_edf5bd]すいません
解決しました",0
"課題５についてです。
JUnitにてエラーが発生してしまったのでデバッグ作業をしているところなのですが、課題５用のテストプログラムを見返すとリフレクションの実装検査()メソッドの内の二行目(全体だと60行目)の一文がデッドコードになっているように感じるのですがこれは意図したものでしょうか？

おそらくは自分のミスでエラーが発生しているのだと思っているのですが、確認させてください。",そこは通るはずです。[Name_edf5bd]さらに見返してみると、カレーチェーン店のcreateCurryInCookroom2メソッドの呼び出しのために実装してある行のようですね。失礼しました。,0
"前回課題4-4について
createCharacterメソッドの
Class&lt;? extends Name_76a40e&gt; characterClass =　
に何が続くのかを解決できておらず，今回の課題もどう考えたら良いかがわかりません．","まず、深く考えずに characterClass の型は Class です（ジェネリックスはおいといて）。したがって、それに代入する値も Class 型になるはずですね。
ですから、まず Class 型を扱っているクラスを探してみましょう。[Name_edf5bd]後、Name_850ae3 も解決しておく必要があります。
これも、type2Classtable の型である Name_46f3ea&lt;Name_a1fa27, Class&lt;? *extends* Name_76a40e&gt;&gt; 型を扱っているところを探せば良いだけです。[Name_edf5bd]すみません，よくわからないです．
代入する値がClass型になることはわかります．[Name_edf5bd]まず、Name_850ae3 ですが、Name_46f3ea&lt;Name_a1fa27, Class&lt;? *extends* Name_76a40e&gt;&gt;　が出てくるのは、Name_14afff しかありません。
しかも、このクラスはメソッドは一つで、それは、あからさまに　Name_46f3ea&lt;Name_a1fa27, Class&lt;? *extends* Name_76a40e&gt;&gt;　型である type2ClassTable を返しています。[Name_edf5bd]ちなみに、クラス名.class と言うやつが Class 型です。[Name_edf5bd]スレッドが終了しないまま、書き込み無しで１週間経過しているので、一旦このスレッドを終了します。何かあれば、新たに質問してください。",0
課題5-3のjUnitで手元のテストは合格したのですが，ウェブ上のテストは合格しませんでした，umlを描いたりして，クラスの関係を確認したりしたのですが，何が間違っているのかわかない状態です。課題5-3はチェーン店が一つ増えるだけなので，特に既存のクラスに変更する点はないと思うのですが，どういう考え方をすればいいでしょうか?,"手元のテストが通ってサーバー上で通らないのは、おそらく提出されたjarファイルの不備です(今日はその事例が多く発生しています)。ひとまずjarファイルを再作成してみてください。こちらでも確認します[Name_edf5bd]わかりました。ありがとうございます[Name_edf5bd]こちらで提出されたソースコードをインポートしてjarファイルを作成したところ、テストが通りました。jarファイルを作成し直して再提出してもうまく行かなければ連絡をお願いします[Name_edf5bd]これらのファイルをjarファイルにして，提出しましたが，web上のテスト合格にしませんでした。説明して頂いたのに申し訳ないのですが，jarファイルに含めるのはこれらのファイルであっているでしょうか?[Name_edf5bd][Name_edf5bd]クラスファイルが入っていません。下記を参考にしてみてください。
<https://example.com/sample6",0
課題３、４のウェブ採点でFile too many contentsと出るのですが、無駄なものまで入っているということでしょうか？,画像ファイルが含まれているか、jarファイルが圧縮されていません。それらを確認してみてください[Name_edf5bd]ありがとうございます,0
課題２で作成するクラスは記述されている３つだけですか？それともシーフードカレーを作るために、各店舗のシーフードカレーのクラスを作成する必要がありますか？,その必要はないです，curryパッケージの他のカレーのように作成してください。,0
基本的な質問なのですがカレークラスはカレー店厨房クラスをフィールドに参照型変数として持っていますがカレークラスのサブクラス内のメソッドでカレー店厨房クラスのメソッドを呼び出していますがこれはカレークラスのサブクラスが委譲をしているというふうに捉えてよろしいのですか??,そもそも、委譲かどうかを判断する時に、下位クラスを見てはいけません。[Name_edf5bd]了解しました！,0
"課題5の内容についての質問です。
type2ClassTable = getType2ClassTable();
Class&lt;? extends カレー&gt; curryClass = type2ClassTable.get(item);
return curry;
と書き換えたところエラーメッセージが表示されなかったので実行してみたのですが、実行結果にNullPointerと表示されました。
どうして何も参照されていないという結果になるのでしょうか？","Name_260d92 が出ている場所を教えてください。[Name_edf5bd]Class&lt;? extends カレー&gt; curryClass = type2ClassTable.get(item);
の部分に表示されました。[Name_edf5bd]自分の解釈では70行目(Class&lt;? extends カレー&gt; curryClass = type2ClassTable.get(item);)の部分が正常に機能していないので後のエラーが表示されていると考えています。[Name_edf5bd][Name_edf5bd]自分のgetType2ClassTable()を呼ぶからでは?[Name_edf5bd]先生のおっしゃる通りですね。[Name_edf5bd]本当ですね。一度修正してみます。[Name_edf5bd]正常に動作しまし、JUnitも通過しました。
ありがとうございました。",0
"課題5の二つ目のnullの変更がわかりません

getType2ClassTable().　で何かするのかなとか思っていますがなかなかうまくいきません","実はそれほど難しい問題ではありません。
代入分の左右で同じ型になるようにすれば良いだけです。
getType2ClassTable は、カレーの種類を表す文字列と、実際にそのカレーを作るクラスとの対応表を得るものです。
つまり、“カツ“だったら、カツカレークラスのように。[Name_edf5bd]getType2ClassTable().get(ここ)
ここになにかいれるということでしょうか？[Name_edf5bd]そうです。なんか入れたら Class が返ってくれば言い訳ですよね。[Name_edf5bd]すみません。それがあまりわかっていなくてString型の変数なのはわかるんですが、なんなんですか？[Name_edf5bd]type2ClassTable って何と何の対応表ですか？[Name_edf5bd]カレーの種類の文字列とそのカレーのクラスです[Name_edf5bd]違いますよね。
Name_46f3ea&lt;Name_a1fa27, Class&lt;? *extends* Name_76a40e&gt;&gt;
ですから、文字列ではなく、Typeです。[Name_edf5bd]失礼、今の間違い。[Name_edf5bd]前回の課題の質問も来ていて、そちらと混乱しました。[Name_edf5bd]カレーの種類の文字列って、引数にいませんか？[Name_edf5bd]僕にはわかりませんでした[Name_edf5bd]itemのことですか？それしかstring型を探せません[Name_edf5bd]文字列ですよね。
それしかないですよね。[Name_edf5bd]じゃあ今のエラーは三番目のnullっぽいです[Name_edf5bd]これはこれであまりわかっていません[Name_edf5bd]三番目のnullってcurryじゃないんですか？[Name_edf5bd]ですよ。
他にらしいのありませんよね。[Name_edf5bd]すみません、なぜエラーが出てるかがわかりません[Name_edf5bd][Name_edf5bd]ここだとおもうんですけど、何がというかここは生徒はてをいれないのでなんとも言えないかもしれないんですけど、考えられる間違いなどありませんか？[Name_edf5bd]type2ClassTableに正しい値が入っていますか。
あるクラスのstaticメソッドを読んでいますか。[Name_edf5bd]スレッドが終了しないまま、書き込み無しで１週間経過しているので、一旦このスレッドを終了します。何かあれば、新たに質問してください。",0
次週の2限目は小テストはありますか,以前、Zoomで口頭によりアナウンスしましたが、次回と次次回はありません。,0
UMLに関して質問なのですが、カレーチェーン店とカレーの関係はコンポジションでしょうか？カレーチェーン店が消えた際にカレーが存在できる場所がなくなるのでそう思ったのですが,"実は、type2ClassTableは課題４までは不要なので、消しても大丈夫です。しかし、消すとコンポジションになりません。
しかしながら、あなたが感じたようにコンポジションに思えるわけです。
難しい問題ではありますが、コンポジションであることが明示的に示される、課題５の実装が望ましいと言うことでしょう。[Name_edf5bd]承知しました。教えていただきありがとうございます。",0
"Name_b0d499 in thread ""main"" java.lang.Name_1941c5
	at headfirst.factory.factory.カレーチェーン店.createCurryInCookroom2(カレーチェーン店.java:65)
	at headfirst.factory.factory.カレーチェーン店.createCurryInCookroom(カレーチェーン店.java:41)
	at headfirst.factory.factory.ゴーゴーカレー.createCurry(ゴーゴーカレー.java:11)
	at headfirst.factory.factory.カレーチェーン店.orderCurry(カレーチェーン店.java:26)
	at headfirst.factory.factory.Name_fe0a0e.main(Name_aa8746.java:12)

課題5です
何でこんなエラーが出るかわかりません
聞いたところでもう間に合わないんですけどねもう嫌い","nullpointerexceptionが出てるので，指定されたクラスを正しく作れていないのだと考えられます．[Name_edf5bd]クラスはすべてつっくてるのですが

*public* カレー createCurryInCookroom2(String item, カレー店厨房 ingredientFactory) {
		カレー *curry*;
		type2ClassTable = getType2ClassTable(); // null を適切な値にする

		Class&lt;?&gt;[] *types* = { カレー店厨房.*class* };
		Name_678d0a&lt;? *extends* カレー&gt; *constructor*;
		Class&lt;? *extends* カレー&gt; *curryClass* = type2ClassTable.get(item); // null を適切な値にする
		*try* {
			// CurryStoreCookroom型の引数を一つ持つコンストラクタの取得
			constructor = curryClass.getConstructor(types);
		} *catch* (Name_af316e *e*) {
			*throw* *new* Name_15452a(e);
		} *catch* (Name_7f28f2 *e*) {
			*throw* *new* Name_15452a(e);
		}
		// コンストラクタの実引数の生成
		// 引数の数は１つ
		Name_497031[] *args* = *new* Name_497031[1];
		args[0] = ingredientFactory;
		*try* {
			// コンストラクタ呼び出しによるインスタンスの取得
			curry = constructor.newInstance(args);
		} *catch* (Name_19bd87 *e*) {
			*throw* *new* Name_15452a(e);
		} *catch* (Name_6338fa *e*) {
			*throw* *new* Name_15452a(e);
		} *catch* (Name_4299e0 *e*) {
			*throw* *new* Name_15452a(e);
		} *catch* (Name_1eab01 *e*) {
			*throw* *new* Name_15452a(e);
		}

		*return* curry; // null を適切な値にする
	}
}[Name_edf5bd][対応終了]以降のスレッドは転送されません。[Name_edf5bd][対応再開] :対応済2: が取り消されたので、スレッドの転送を再開します。[Name_edf5bd][対応終了]以降のスレッドは転送されません。[Name_edf5bd][対応再開] :対応済2: が取り消されたので、スレッドの転送を再開します。[Name_edf5bd]getType2ClassTable()と言うゲッターを作っている可能性があります",0
"時間外に申し訳ありません。
課題4-3についての質問です。
先ほどの4限の時間中に確認できなかったため先ほど課題4-3の結果を確認したのですが、Name_91f3a2 too many が出てしまっています。前回の授業時に同じようなエラーが起きて、次回以降のFiles too many に関してはこちらで対応するとの言質をいただいたのですが対応されていなかったので送らせていただきました。4-3の
点数はどうなりますか？","すみません、「次回以降のFiles too many に関してはこちらで対応する」というのはどこでどのような形で受けた回答でしょうか?  ZoomやQA Botでしょうか? 何らかの対応すると言った気もしますが、若干記憶が曖昧なので、まずはその点を確認させてください[Name_edf5bd]これのことでしょうか? 「Name_0b2791 too manyというエラーが出る人は、もう一度試してみてください。採点プログラムの基準を緩めました」[Name_edf5bd]Macのファイルダー上で直接ファイルを操作しましたか? .DS_Storeファイルが書くフォルダに生成されてしまっています。

今回は「採点プログラムの基準を緩めました」とアナウンスしたのでそのままで構いません。採点基準をさらに緩めたので、OKが出るはずです。

ちなみに今後Files too many が出たら放置しないでください。[Name_edf5bd]分かりました。時間外の対応ありがとうございます[Name_edf5bd]いえいえ",0
今日の復習テストの回答の受付が終了しましたと、回答が開もしないのですがどうしたらいいのでしょうか,前回までの小テストでしょうか?  期限が来ているので回答できなくなっています。次回から時間内に受けてください,0
例えば第5回の課題で4限までに問題4まで完璧にできていたら点数はもらえますか？それとも問題の5までを来週までにできていないと点数はもらえないのですか？,"第5回の概要を見ると
```問題1-4までは必須問題なので実習時間内の4限終了までに提出すること。
問題1-4までは3限開始時に公開される。問題5は4限開始時に公開される。
得点は問題1-4で各1%．問題5は任意問題で実習時間内に実施すれば1%加点する。
問題1-4までを4限終了までに提出できなければ0%となる。
ただし、次回実習の前日の16:30までに問題1-5まで全て提出すれば、
実習中に解いた問題の得点を加点する。```
なので、問題4まで出来ていれば、問題4までの各1%×4問で4%の得点になります。
問題4までの必須問題を時間内に出来なかった人は次回前日までに頑張れという救済措置です。[Name_edf5bd][対応終了]以降のスレッドは転送されません。[Name_edf5bd][対応再開] :対応済2: が取り消されたので、スレッドの転送を再開します。",0
midrep1で、動作確認用クラスは、(1)、(2)実装後もTestFigure3D.javaを使うのですか？,"Classroomに下記の通り示しています。すみませんが13:15以降にもう一度質問してください。

(0) 中間課題に関する質問は、本日3限目以降から受け付けます。
*** 本日2限目と昼休みに、中間課題に関する質問をQA Botに投稿しないでください ***[Name_edf5bd]わかりました。申し訳ないです。[Name_edf5bd]いえいえ、よろしくお願いします[Name_edf5bd][対応終了]以降のスレッドは転送されません。[Name_edf5bd]<@Name_0e269e> こちら、対応いただけないでしょうか[Name_edf5bd][対応再開] :対応済2: が取り消されたので、スレッドの転送を再開します。[Name_edf5bd]出題に「ただし(1)(2)のいずれの段階でも、動作確認用クラスTestFigure3Dの実行結果が元と変わらないこと。このクラスは変更されていてはならない。」とあることから判断して下さい。[Name_edf5bd]わかりました。全てそのJavaでテストします。
ありがとうございました。",0
jarファイルを提出しようとしたところ、「ファイルをアップロードできません」と表示されます。これはこちらでjarファイルを作成するときに何かしらミスをしているということでしょうか？,申し訳ないです、対応しました,0
今回の中間課題はjarファイルとpdfレポート両方の期限が11月6日ということで大丈夫ですか？,はい、それで大丈夫です[Name_edf5bd]わかりました。ありがとうございます[Name_edf5bd]いえいえ,0
"ホームページからjarファイルを提出できないのですが，どうすればいいですか?また，今回のレポートは課題6-1,6-2について書けばいいのでしょうか?",すみません、先ほど対応しました。06-1か06-2で提出してみてください[Name_edf5bd]レポートについては、(1)(2)どちらかだけを書けという指示がないこと、提出するものが1つだけであることから判断して下さい。[Name_edf5bd]それは，1つのレポート内にそれぞれの課題で用いたパターンについて書くという認識でいいでしょうか?[Name_edf5bd]今日の「問題」を見ると「１出題」と一問しか出題されていません。従って(パターンが多数有っても)提出するレポートは一つです。そのレポートの中の構成は二部構成(つまり実質的に二つのレポート、通常は最後に二つのレポートを統合する考察がある)にするのか、二つのパターンについて同時に記述する一部構成にするのかは、作文力の問題です。どちらの構成でも判りにくければ点数は低いでしょう。どちらの構成の方が判りやすいかを考えてください。[Name_edf5bd]わかりました。ありがとうございます。,0
提出物06_1が提出できません。提出ボタンを押すと、画面に提出できませんと表示されます。,アンダースコア(06_1)ではありません。06-1です[Name_edf5bd]アップロードするページへアクセスし直したらできました。[Name_edf5bd]了解しました,0
"Name_c2afd7-2.pdfに関する質問なのですが, Rectangleクラスのフィールドにはheightとdepthが利用されているにも関わらず, コンストラクタの引数にはdepthとwidthが使われています. これはdepthとwidthに統一した方がいいですか?","そうです。
ちなみにdepthとwidthの順番については、先ほどアナウンスがあったように、元のepsでは逆になっています。新しいものではwidthが先なので、注意して下さい。",0
UMLのFigure3D-2.epsで、Rectangleクラスのフィールドはheightとdepthになっているのですが、widthとdepthではないのでしょうか？,その通りです。修正します。[Name_edf5bd]ありがとうございます。よろしくお願いします。,0
"本日の課題2は,新しくパッケージを用意するのではなく
課題1をjarファイルにした後課題1でも使ったクラスの修正と新しくクラスを追加するという風に取り組めば良いのですか?","そのようにして下さい。[Name_edf5bd]承知しました。
ありがとうございました。",0
UMLのFigure3D-1.pdfのPrism、PyarmidクラスではgetBottomArea()が書いていないんですが、親クラスのFigure3DでgetBottomArea()をabstractしてるので書かないとエラーが出てしまいます,抽象メソッドを実装しなければいけないのは、具象クラスだけですよ。[Name_edf5bd]Name_6e0d8d、Pyarmidクラスをabstractするのを忘れてました。ありがとうございます,0
"ホームページに新しいUMLのジップファイルをupしたと書いていますが,　修正されたものに差し替えられていないと思うのですが,
確認していただけますか?",すみません、アップロード場所を間違えていました。差し替えました,0
RectangularPrismにPrismを継承させるにはどうしたらいいですか？,それはダウンロードした時点でPrismを継承(extends)となっていませんか？,0
Name_c2afd7-2.epsのRectangleのフィールドの訂正前に06-2を提出してしまったのですが、間違いを直して再提出したほうがいいですか？,再提出をお願いします,0
レポートの内容は、課題(2)が終わった時点のソースコードで作成すればいいのでしょうか。それとも(1)時点のものも入れなければいけないのでしょうか,特に決まりがあるわけではなくて、「問題」の題意を満たすレポートを提出する事が要求されています。(１)では「底面積を求めるメソッドはgetBottomArea という名前(引数なし) とせよ。なお、この結果としてTemplate Name_4c3880 パターンの適用」という要求なので、(２)の最後まで回答したソースで（１）の要求を満たしたと確認できるレポートが書けるのなら、最後まで解いたソースで良いですし、それが難しければ(１)を解いた時点でのソースで一旦レポートを書く必要があります。これはレポートの構成を考えるという、出題意図そのものですからご自分で判断してください。[Name_edf5bd]わかりました。ありがとうございます,0
"UMLに関する質問です。
配布されたUML1,2に関して、Name_cd2c8b、RectangularPyramidなどのクラスのコンストラクタに関して + や ~などのアクセス修飾詞がかかれていないのですが、ここのアクセス修飾詞は自分で考えるのでしょうか？",これは作成者が付け忘れたのですが、ここはあえて、自分で判断して下さいということにしておきます。[Name_edf5bd]承知しました。,0
クラス図が変更される前のフィールド変数名でRectangleを作成し、提出してしまったのですが書き換えて提出し直した方が良いですか？？,再提出をお願いします,0
課題を間違えていたものを提出してしまったのですが修正版を再度提出すれば更新されますか?,はい、提出期限までに再提出すれば上書きされます。[Name_edf5bd]ありがとうございます。,0
"学籍番号1910370192　渡村です。
slackでの「RectangularPyramidなどのクラスのコンストラクタのアクセス修飾子」について質問があります。
自分で判断してアクセス修飾子をつけるとありますが、適当でないアクセス修飾子を用いた場合減点になりますか？
slackで連絡が来た時点で、すでに課題1の提出が完了し課題2の途中でした。
減点対象でないのであればそのまま課題2に取り組みますが、減点対象になるのであればプログラムを作成し直さなければならないと思い質問しました。
お手数かけますが返信の方よろしくお願いします。",アクセス修飾子の修正にはそれほど時間がかからないと思うので、点数に関わらず修正をお願いします。[Name_edf5bd]1週間経過しているので、スレッドを終了しますね。,0
"レポートに関してなのですが、レポートは問題(1)(2)に分けてそれぞれに対して、オブジェクト指向プログラミングの諸原則がどのように適用、得失があるかをまとめるのでしょうか。
あるいは(2)後の全体について適用と得失があるかまとめるのでしょうか。",今日の「問題」を見ると「１出題」と一問しか出題されていません。従って(パターンが多数有っても)提出するレポートは一つです。そのレポートの中の構成は二部構成(つまり実質的に二つのレポート、通常は最後に二つのレポートを統合する全体に関する考察がある)にするのか、二つのパターンについて同時に記述する一部構成にするのかは、作文力の問題です。どちらの構成でも判りにくければ点数は低いでしょう。どちらの構成の方が判りやすいか(書きやすいか)を考えてください。[Name_edf5bd]承知しました。,0
"配布されたUML-1のPrismにはフィールドがありませんが，この状態で実装できるのでしょうか．
もしくは，このUMLは大枠でありこの通りに作るというわけではないということなのでしょうか．",UMLの通り、Prismはフィールドを持ちません。Prismクラスは子クラスだと思うので、親クラスからフィールドを継承します。[Name_edf5bd]あ，親クラス見逃してました，すみません[Name_edf5bd]腑に落ちました，ありがとうございました．[Name_edf5bd]:ok_hand:,0
問題1と問題2のjarファイルを提出するとき、演習番号はそれぞれ「06-1」と「06-2」でいいですか？,"はい、そうです。Classroomの説明ではわかりにくかったですか?[Name_edf5bd]わかりました。
classroomではなく、HPの問題文しか見ていなかったです。
ありがとうございました。[Name_edf5bd]あ、なるほど、了解です!",0
"課題３でAvatarGenerator extends CharacterGeneratorとするとこのような文が出ます。なぜこれが起こるのでしょうか？

このクラスは、継承された抽象メソッド Name_7d61bf.createCharacter(Name_a1fa27) を実装する必要がありますが、Name_7b4da0 からは可視でないためオーバーライドできません。型を abstract にするか、継承メソッドを可視化する必要があります


課題２なのですがJUnitではOKが出ているのにwebテストが通りません。これはどう対処すれば良いですか？","CharacterGeneratorのcreateCharacterの修飾子はどうなっていますか？[Name_edf5bd]何もつけてませんでした。publicに変更するとうまく行きました。

教科書もそうなっているのですが、これはどう行った意図があるのでしょうか？[Name_edf5bd]すみません。そうなっているとはアクセス修飾子がないという意味です[Name_edf5bd]下位クラスでメソッドをオーバーライドする時は可視性をあげることができません。
つまり、上位がprotected（今回は何もなしなのでpackage privateですね）なのに、より広く見えるpublicにすることはできない、と言う規則です。[Name_edf5bd]ちなみに、教科書のソースは古いので配布されているサンプルソースを見るように指示されているはずです。[Name_edf5bd]ご回答ありがとうございます。
すみません、失念していました。以後気をつけます。

課題２についてはどうでしょうか？
JUnitは正常に動いていますが、webではうまく行きません。私のコードに問題があるのでしょうか？[Name_edf5bd]jarファイルに不足がなければwebテスト側の問題で、貴方に罪はありません。
テスト条件を変更していますので、もう一度行うとうまくいくかもしれません。[Name_edf5bd]うまくいくようになりました。
ご対応ありがとうございました",0
"CharacterGeneratorクラスの抽象メソッドの（）内にエラーが出るのですが、型がそもそも間違ってますか
protected abstract Name_76a40e orderCharacter(Name_a1fa27 type);",上位がprotectedなのに、下位でpublicにするとかはしていませんか。[Name_edf5bd]public にしてました。,0
かだい２で、二つのクラスにエラーは出てないんですけど、出力結果がexam2しか表示されません,"つまり、Name_850ae3　がCharacterGenerator　から継承している createCharacter が何もしていないことになりますよね。[Name_edf5bd]CharacterGeneratorクラスでのcreateCharacterメソッドの呼び出し方がおかしいってことですかね。[Name_edf5bd]呼んだつもりものがちゃんと呼ばれているかのチェックをすると良いかと思います。[Name_edf5bd]character = createCharacter(　);
このかっこの中身ってどうすればいいですか。
String型のtypeを入れてもエラーが出るのはわかっているのですが、他に方法が思いつかないです。",0
exam2のCharacterGeneraterについて、orderCharacterメソッドの戻り値を格納する先が無いにもかかわらずCharacter型のオブジェクトを戻す必要があるのはなぜでしょうか,"Character型のオブジェクトを戻す必要があるのは、今回はたまたまCharacterは作って終わりですが、作ったCharacterに後から何かさせていことが出るかもしれないからです。[Name_edf5bd]ちょっと補足しますと
Factoryパターンとは本来「工場が製品を作る」というパターンです
製品を作ったら使うのが普通ですので、製品を返さねばなりません
今回はFactoryパターンの実習なので製品を作るところまでに焦点を当てている
ため、orderCharacterを呼ぶところまでになっていますが、本来は
それが返したものを後で使う過程があるはずなのです[Name_edf5bd]長らくお返事ないようなのでとりあえずここまでにします",0
enumのTypeもクラス図に書きますか？,書いてください。[Name_edf5bd]わかりました,0
AvaterGeneratorクラスをCharacterGeneratorクラスのサブクラスにしたら，「抽象クラスを実装する必要があるがAvaterGeneratorからは可視化でない」というエラーメッセージが出ます．どうしたら良いですか？,CharacterGeneratorとAvaterGeneratorでアクセス修飾子が違ってたりしません？[Name_edf5bd]抽象メソッドにアクセス修飾子をつけるのを忘れていました．ありがとうございます．,0
"問題3のAvatarGeneratorクラス関して質問があります。
最初にlesson04.exam2.factory.CharacterGeneratorをインポートしファクトリメソッドを作成していたのですが、AvaterGeneratorからは可視でないためオーバーライドできないと表示されています。
CharacterGeneratorのcreateCharacterメソッドのアクセス修飾子を変更してもいいのでしょうか？",CharacterGeneratorのcreateCharacterのアクセス修飾子は変更してかまいません。[Name_edf5bd]わかりました。ありがとうございます,0
"Junitテストで表示内容が実行例と同じ時でもエラーが出るのは、メソッドの実装で間違えているからでしょうか。
エラーメッセージが長くて送信することができなかったため、抽象的な質問になってしまいました、すみません。","Zoomの画面共有で確認します。
<https://example.com/sample7
にアクセスして、エラーメッセージを共有してください。[Name_edf5bd]Eclipseのテストのタブでダブルクリックしてどこが違うか表示する方法を伝えました。",0
"課題４−４の説明３についてです．
a,bが何のことが理解できません．
説明２と同じようなことですか．","はいそうです。IconだけではなくAvatorも課題２と同様対応してくださいと言うことです。[Name_edf5bd]IconGeneratorが何をしたらいいのか分かりません[Name_edf5bd]type2ClassTable　は　TypeとClassの対応表です。
それを返すメソッドを持っているクラスがありますよね。[Name_edf5bd]Type2IconClassのゲッターですか？[Name_edf5bd]あたり[Name_edf5bd]*public* *class* Name_850ae3 *extends* Name_7d61bf {

	*public* Name_850ae3() {

		type2ClassTable = Name_14afff.*getType2ClassTable*();
		// 各種類とそれを作るクラスのペアを登録したテーブルを得ます。 null の所を書き換える。
	}

}
これで説明３はOK何でしょうか？[Name_edf5bd]AvatarGeneratorも同じようにして実行した結果作れないと結果出たので違うと考えてます[Name_edf5bd]CharacterGeneratorのcreateCharacterでインスタンスを作るクラスを表から得よ。
ここが追加する場所は理解できるのですが，インスタンスを加えるのかわからないです[Name_edf5bd]すいません
解決しました",0
問題4の提出物の中にexam3/character/Avatarがありませんが、いらないのでしょうか？,"加えてください。
今、アナウンスもしました。[Name_edf5bd]わかりました。",0
課題4−2〜4−3についてですがJunitのテストで通ったので提出して見ましたが、採点結果では失敗と出ます。ファイルにIcon.javaが入っていることも確認しましたが原因がわかりません。,"Avatarも加えてください。[Name_edf5bd]失敗と出ます。[Name_edf5bd]含まれているものに不足がなければwebテスト側の問題です。[Name_edf5bd]java.lang.Name_657b3c: ’lesson04.exam1.character.Name_76a40e
と一番上にあるのでこれが原因ですか？[Name_edf5bd]これっぽいですね。
lesson04.exam1.character.Name_76a40e
が入っていないのかな？[Name_edf5bd]担当が変わりました(角田になりました)、少々お待ち下さい[Name_edf5bd]今一度、ファイルを作り直して、確認しましたがやはりダメです。[Name_edf5bd]一部の学生さんに同様の現象が出ています。ちょっとエラーの根が深いかもしれません。とりあえずエラーのままでOKです。[Name_edf5bd]承知しました。",0
課題２においてIconGeneratorの戻り値の型がCharacterとIconのどちらでもJUnitと採点両方OKになりますが、どちらの型が正しいのですか,"JUnitが甘いですね。
Characterが正しいです。[Name_edf5bd]了解です。ありがとうございます",0
"課題3のAvatarGeneratorの継承の部分にエラーが出ます。
どうすれば治りますか？",メッセージでメソッドの可視性に関する説明をしましたが、読みましたか？[Name_edf5bd]すいません見ていませんでした,0
"課題3でCharacterGeneratorを継承したAvatarGeneratorを使うと,
CharacterGeneratorのorderCharacterメソッド内でIconGenerator ig = new Name_850ae3();しているため実行結果があいません","lesson04.exam2.factory.CharacterGeneratorのorderCharacterメソッド内でIconGenerator()を呼んでいるのですか？
抽象メソッド *public* *abstract* Name_76a40e createCharacter が継承されたGeneratorでそれぞれ違うから、出来上がる製品が違うので、CharacterGeneratorでIconGenerator()を直接呼び出すとおかしな事になりますよ。[Name_edf5bd]CharacterGeneratorとIconGeneratorともにコンストラクタは入りますか？[Name_edf5bd]二番の話ですね[Name_edf5bd]lesson04.exam2.factory.CharacterGeneratorのorderCharacterメソッド内でIconGenerator()を宣言して呼んでます[Name_edf5bd]web採点はokです[Name_edf5bd]「コンストラクタは入りますか？」とはコンストラクタが必要かという意味ですか？[Name_edf5bd]はい[Name_edf5bd]特に初期化しないといけないものはないので、コンストラクタが必要ではないですね。[Name_edf5bd]lesson04.exam2.factory.CharacterGeneratorのorderCharacterメソッド内でIconGenerator()を呼ぶと、CharacterGeneratorがIcon専用になってしまいます。[Name_edf5bd]「web採点はok」なのは、想定外の間違いなのでチェックしていないのでしょう。[Name_edf5bd]はい、チェックしていませんでした。[Name_edf5bd]Name_7d61bf の 抽象メソッドが createCharacter します。[Name_edf5bd]継承した子クラスで、必要に応じて色々な createCharacter をします。[Name_edf5bd]例えば、IconとかAvatarとかをcreateします。[Name_edf5bd]CharacterGeneratorのorderCharacterメソッド内でIconGenerator()を呼んではいけません。[Name_edf5bd]クラス関係を考えないと、Junitが緑になるように作るとおかしなクラス構成になります。二番はOKにできたけど、三番で辻褄が合わなくなっています。[Name_edf5bd]そもそも、二番から作り直しという事で一旦終了して良いですか？他の人の質問もあるでしょうから…[Name_edf5bd]ここまでの話は納得できましたか？[Name_edf5bd]納得できました[Name_edf5bd]では、スレッドを閉じますね。頑張ってね。",0
実行結果が同じなのですが採点結果でfailureがでます,"4-2と4-3でしょうか? チャネルでアナウンスしましたが、とりあえず放置でお願いします[Name_edf5bd]課題3です[Name_edf5bd]頭と体が反映されていないようなのですがどこが悪いでしょうか？[Name_edf5bd]ローカルのJUnit 通りましたか?[Name_edf5bd]AvatorBearたちは何を継承していますか？[Name_edf5bd]Avatarです[Name_edf5bd]4つめの出力結果がおかしいです
種類:ネコ 名称:ネコのアバター]にID:4をセットしました[Name_edf5bd]アバター] ではなくアイコンのはずです[Name_edf5bd]ローカルでテストが通っていないと思いますが。[Name_edf5bd]アバターに変えても変わらないです[Name_edf5bd]とりあえず、出力結果を貼ってくださいな。[Name_edf5bd]exam3
クマの頭のパーツを準備する
クマの目のパーツを準備する
クマの口のパーツを準備する
頭のパーツを決める
目のパーツを決める
口のパーツを決める
プレビュー表示する
「クマです」音声合成アドオンを付ける
種類:クマ 名称:クマのアイコンにID:1をセットしました

リスの頭のパーツを準備する
リスの目のパーツを準備する
リスの口のパーツを準備する
頭のパーツを決める
目のパーツを決める
口のパーツを決める
プレビュー表示する
「リスです」音声合成アドオンを付ける
種類:リス 名称:リスのアイコンにID:2をセットしました

ウサギの頭のパーツを準備する
ウサギの目のパーツを準備する
ウサギの口のパーツを準備する
頭のパーツを決める
目のパーツを決める
口のパーツを決める
プレビュー表示する
「ウサギです」音声合成アドオンを付ける
種類:ウサギ 名称:ウサギのアイコンにID:3をセットしました

ネコの頭のパーツを準備する
ネコの目のパーツを準備する
ネコの口のパーツを準備する
頭のパーツを決める
目のパーツを決める
口のパーツを決める
プレビュー表示する
「ネコです」音声合成アドオンを付ける
種類:ネコ 名称:ネコのアイコンにID:4をセットしました

クマの頭のパーツを準備する
クマの目のパーツを準備する
クマの口のパーツを準備する
頭のパーツを決める
目のパーツを決める
口のパーツを決める
プレビュー表示する
「クマです」音声合成アドオンを付ける
種類:クマ 名称:クマのアイコンにID:1をセットしました

クマの頭のパーツを準備する
クマの目のパーツを準備する
クマの口のパーツを準備する
頭のパーツを決める
目のパーツを決める
口のパーツを決める
プレビュー表示する
「クマです」音声合成アドオンを付ける
種類:クマ 名称:クマのアイコンにID:1をセットしました

リスの頭のパーツを準備する
リスの目のパーツを準備する
リスの口のパーツを準備する
頭のパーツを決める
目のパーツを決める
口のパーツを決める
プレビュー表示する
「リスです」音声合成アドオンを付ける
種類:リス 名称:リスのアイコンにID:2をセットしました

リスの頭のパーツを準備する
リスの目のパーツを準備する
リスの口のパーツを準備する
頭のパーツを決める
目のパーツを決める
口のパーツを決める
プレビュー表示する
「リスです」音声合成アドオンを付ける
種類:リス 名称:リスのアイコンにID:2をセットしました

ウサギの頭のパーツを準備する
ウサギの目のパーツを準備する
ウサギの口のパーツを準備する
頭のパーツを決める
目のパーツを決める
口のパーツを決める
プレビュー表示する
「ウサギです」音声合成アドオンを付ける
種類:ウサギ 名称:ウサギのアイコンにID:3をセットしました

ウサギの頭のパーツを準備する
ウサギの目のパーツを準備する
ウサギの口のパーツを準備する
頭のパーツを決める
目のパーツを決める
口のパーツを決める
プレビュー表示する
「ウサギです」音声合成アドオンを付ける
種類:ウサギ 名称:ウサギのアイコンにID:3をセットしました

ネコの頭のパーツを準備する
ネコの目のパーツを準備する
ネコの口のパーツを準備する
頭のパーツを決める
目のパーツを決める
口のパーツを決める
プレビュー表示する
「ネコです」音声合成アドオンを付ける
種類:ネコ 名称:ネコのアイコンにID:4をセットしました

ネコの頭のパーツを準備する
ネコの目のパーツを準備する
ネコの口のパーツを準備する
頭のパーツを決める
目のパーツを決める
口のパーツを決める
プレビュー表示する
「ネコです」音声合成アドオンを付ける
種類:ネコ 名称:ネコのアイコンにID:4をセットしました[Name_edf5bd]Avatarのprepareで“頭と体“にしていますか？[Name_edf5bd]しています[Name_edf5bd]AvatarGeneratorでAvatarを作っていますか？
結果から見ると、Iconを二つ作っているように見えます。[Name_edf5bd]Name_7d61bf　の　createCharacter　が怪しそうですね。[Name_edf5bd]Character型の抽象メソッドになっていますか？[Name_edf5bd]character = *new* Name_cf97d8();
if文の中のこの部分を変えてなかっただけでした。
すいませんでした",0
"課題4のCharacterGeneratorクラスの質問です。
Class&lt;? extends Name_76a40e&gt; characterClass =nullのnullを書き換える問題で参考にできそうなものは何かないですか？","Class&lt;? extends Name_76a40e&gt; characterClass
とありますから、型はClassですよね。
Classと言う型を使っているところを探しましょう。[Name_edf5bd]わかりました。一回探します。",0
提出するUMLに関する質問なのですが、CharacterGeneratorとCharacterは今回移譲の関係にありますか？CharacterGeneratorのフィールドにはCharacterはありませんが、orderCharacterメソッドの時にはCharacterが出てきているのですがこれは移譲の関係と言えるのでしょうか？,"移譲にはなりませんね。[Name_edf5bd]CharaterGeneratorが何かの仕事をCharacterに任せているのでない限り、委譲ではないです[Name_edf5bd]orderCharacterメソッドでcharacter.prepare()などのcharacterのメソッドを用いてるのですがこれは仕事に入らないのですか？[Name_edf5bd]仕事を任せる対象を持っている場合が委譲ですね。[Name_edf5bd]つまり参照型変数をフィールドに持っている時が移譲ということですか？[Name_edf5bd]そうですね
自分の一部として持っている何かではなく自分が作り出した何かのメソッドを呼ぶのは委譲ではないと考えて下さい[Name_edf5bd]承知しました。教えていただきありがとうございます。",0
"課題3のアバタージェネレーターについて
CharacterGeneratorをextendsすると思うのですがその際、課題2のabstractメソッドのオーバーライドをしないといけないと思うのですがreturn nullでいいのですか ?","nullだとテストが通らないと思います
characterを返してください[Name_edf5bd]単にcharacterを返せばいいのでしょうか[Name_edf5bd]続けてすいません。
課題2のabstractメソッドの戻り値はIconにしていたのですがおそらく課題2から間違っていますよね[Name_edf5bd]やることは、基本的にIconGeneratorと同じですよ。できるのがIconじゃなくてAvatorになるだけ。[Name_edf5bd]はい、戻り値はIconではだめですね。[Name_edf5bd]そうですね、二番からやり直しですね。[Name_edf5bd]ですがさっき課題２の手元のテストは通ってwebで通らないと質問したのですがそちらの方ではエラーが出ないと言われ課題の続きをするように言われて今に至るのですが[Name_edf5bd]今日の出題は先生ですが、代わりに説明すると…
手元のJunitテストを通ったら、Junitがチェックしている項目をパスしたと言う意味です。つまり、JunitテストがNGならどこか間違っています。JunitテストがOKなら間違いが見つからなかったという意味で、まったく間違いが無いという事ではありません。
全ての間違いを見つけるような詳細なJUnitテストを付けると、デザインパターンを考えずに、とにかくJunitのNGの箇所を緑に直すだけで問題を解けてしまいます。これでは意味がありません。[Name_edf5bd]大元の親クラスが有って、継承した子クラスが有る時、細部の違う複数の子クラスで機能を変えるわけですが、それら子クラスのオブジェクトを親クラス型で扱うと複数の子クラス毎に扱いを変える必要がありません。[Name_edf5bd]そろそろ終了時間ですね。ここまでの話は納得できますか？[Name_edf5bd]それはわかります。
ですがこちらで相談したところそちら(Name_890a10?)の方で確認をするとエラーが出ないと言われて今になって違うというのは納得いかないです[Name_edf5bd]どなたが「エラーが出ないと」言ったのかは判りませんが、そんなおかしな事はするはずがないというレベルの問題はチェックしていません。そこまでチェックすると時間が足りません。また、そういうチェックをしようとするとソースをチェックする事になりますが、教員やTAがソースをチェックすると学生さんは自分でエラーを探さずにお任せになってしまいます。
さっきはOKと言ったのに、今更という気持ちはわかりますが、結局間違っていると、最後まで行く間に発覚するような問題の構成になっています。[Name_edf5bd]まだ、四回目なのでJUnitテストは多い方です。ぼちぼち細かいチェックを減らして行って、自分でクラス構成と設計に責任を持たないと正解できない、つまりJunitが緑になるように作業しても正解にたどり着けないような問題になっていきます。[Name_edf5bd]この辺りの「自分でクラス構成と設計に責任を持たないと正解できない」は講義担当の先生に強調して欲しいです。[Name_edf5bd]時間を過ぎているので終わりますね。[Name_edf5bd]わかりました。こちらとしては間違ったことをしていたつもりはなく、プロ実2のメインチャンネルの方で一部学生にエラーが出るという書き込みがあったためそこに含まれているものだと気にしなかった自分が全て悪いです。
エラーを吐くものを4-2,4-3で提出したわけですが[Name_edf5bd]出欠はつくのでしょうか[Name_edf5bd]出欠管理は先生なので、問いあわせます。私が絶対大丈夫と勝手にへんじできませんが、こういう質問や作業をしているので、*私のできる限り強く*あなたの出席を認めるように主張します。通常、そういう強い主張は却下されません。[Name_edf5bd]自分からも連絡を入れようと思います。
長々と申し訳ありませんでした。[Name_edf5bd]まだまだ先は長いからめげずに頑張ってね。
では、終わります。",0
クラス図作成課題で問題2のクラス図（問題1のクラスを含む）とありますが， lesson04/exam1/factory/Name_0d35d5.java は必要ですか？,はい、入れてください。[Name_edf5bd]了解です,0
"課題3まで提出は終わったのですが、
採点をすると全てNo java fileと出力されてしまいます",Name_bafd73 java fileと出るのなら、classファイルだけ入れてソースは入れ忘れているとかそういう類です[Name_edf5bd]いけましたありがとうございます,0
"test3の質問です.
JUnitの出力結果で
        assertEquals(_expected.toString().replaceAll(""\\r\\n"", ""\n""), _actual.toString().replaceAll(""\\r\\n"", ""\n""));
というところで実行に失敗が発生するのですが、
プログラムコード自体と出力結果では警告や注意は出ていません
どういう問題が考えられるかを教えてください","この部分は単に期待される出力結果と同じかどうかを見ているだけなので、ここで失敗すると言うことは、単に出力がおかしいと行っています。
JUnitのメッセジーをクリックすれば、具体的にどう違うのかがわかります。[Name_edf5bd]ありがとうございます
再度確認します",0
"基本的な部分の質問になってしまうのですが
クラス図を作る際にあるクラスのメソッド内で他のクラスに処理を委ねている部分があった場合でもその他クラスの参照型変数をフィールドとして持っていない場合は委譲と言わないのですか?","そういう認識でよいと思います
自分がその一部として「持っている」クラスに何か委せるのが委譲です
今回のように自分が「作った」製品のメソッドを呼ぶのは委譲に入れないと考えて下さい[Name_edf5bd]了解しました！
ありがとうございます:man-bowing::man-bowing:",0
"問題4は任意問題で実習時間内に実施すれば1%加点する。
問題1-3までを実習時間内に実施できなければ0%となる。
ただし、次回実習の前日の16:30までに問題1-4まで全て実施すれば、実習中に解いた問題を加点する。
とありますが、問題3まで実習中にやった上で来週までに4をやって提出しても加点などは一切されないということですか？",はい、そうなります,0
課題提出確認でずっとエラーが出るのですが、サイトに載ってるクラス以外に課題3のjarファイルに新たに追加しないといけないのはAvatarクラスだけですよね？,Avatarじゃなくてiconです。打ち間違えてました[Name_edf5bd]そもそも自分のMacのJUnitでエラーが出ていませんか? パッケージの構成が正しくありません[Name_edf5bd]exam3の下にfactoryがありません[Name_edf5bd]↑提出されたjarファイルでは[Name_edf5bd]すいません、もう一回慎重にやり直したらうまくいきました[Name_edf5bd]了解です!,0
課題4のCharacterGeneratorクラスにデッドコードってエラーが出ているのですがどういう意味でしょうか。インターネットで調べてもいい感じのものが出てこなかったので質問しました,"その行には絶対行きませんよ。
と言う意味です。例えば。

return null;
a = 1;

a = 1;には絶対いきませんよね。[Name_edf5bd]なるほど、ありがとうございます。",0
前回の課題3の提出の際に手こずって10~15ぷん遅れ出だしたんですけど、課題4まで提出しないと前回の課題点は0点になりますか？学籍番号は1910370030です。,"時間内に必須問題を全部提出出来なかったのですね？提出が遅れたのが数秒とかだと、先生にサーバでの提出時間を確認しないといけませんが、十数分遅れたのでしたら、間違いなく時間内に提出出来ていませんから、ルール通り
```問題1-3までを実習時間内に実施できなければ0%となる。
ただし、次回実習の前日の16:30までに問題1-4まで全て実施すれば、
実習中に解いた問題を加点する。```
となります。一回位失敗しても大丈夫ですから、今日は頑張ってください。失敗が二回、三回と続くと大変ですよ。",0
小テスト4と11の答えが教科書と違います。,確認します[Name_edf5bd]申し訳ないです、教科書にも記載されている通り、小テスト[4]の回答は「具象クラス」、[11]は「インタフェース」が正しいです。,0
